id,area,rooms,house_age,distance_center,district,near_subway,price
1,45,1,0,0.5,A,no,185.15
2,56,2,7,2.4,B,yes,221.52
3,67,3,14,4.3,C,yes,204.89
4,78,2,21,6.2,D,no,157.26
5,89,3,28,8.1,A,yes,277.63
6,100,4,35,10.0,B,yes,261.00
7,111,3,6,11.9,C,no,237.17
8,122,4,13,13.8,D,yes,247.54
9,133,5,20,15.7,A,yes,345.91
10,144,4,27,17.6,B,no,293.28
11,155,5,34,1.9,C,yes,337.37
12,166,6,5,3.8,D,yes,354.54
13,177,5,12,5.7,A,no,416.91
14,52,2,19,7.6,B,yes,169.88
15,63,2,26,9.5,C,yes,146.25
16,74,2,33,11.4,D,no,105.62
17,85,3,4,13.3,A,yes,285.79
18,96,4,11,15.2,B,yes,269.16
19,107,3,18,17.1,C,no,216.53
20,118,4,25,1.4,D,yes,265.62
21,129,5,32,3.3,A,yes,363.99
22,140,4,3,5.2,B,no,340.16
23,151,5,10,7.1,C,yes,345.53
24,162,6,17,9.0,D,yes,333.90
25,173,5,24,10.9,A,no,396.27
26,48,2,31,12.8,B,yes,149.24
27,59,2,2,14.7,C,yes,154.41
28,70,2,9,16.6,D,no,113.78
29,81,3,16,0.9,A,yes,272.87
30,92,3,23,2.8,B,yes,249.24
31,103,3,30,4.7,C,no,203.61
32,114,4,1,6.6,D,yes,242.78
33,125,4,8,8.5,A,yes,365.15
34,136,4,15,10.4,B,no,319.52
35,147,5,22,12.3,C,yes,324.89
36,158,5,29,14.2,D,yes,306.26
37,169,5,0,16.1,A,no,404.43
38,180,6,7,18.0,B,yes,409.80
39,55,2,14,2.3,C,yes,172.49
40,66,2,21,4.2,D,no,131.86
41,77,2,28,6.1,A,yes,245.23
42,88,3,35,8.0,B,yes,228.60
43,99,3,6,9.9,C,no,211.77
44,110,3,13,11.8,D,yes,215.14
45,121,4,20,13.7,A,yes,313.51
46,132,4,27,15.6,B,no,267.88
47,143,4,34,17.5,C,yes,266.25
48,154,5,5,1.8,D,yes,353.14
49,165,5,12,3.7,A,no,422.51
50,176,6,19,5.6,B,yes,427.88
51,51,2,26,7.5,C,yes,151.85
52,62,1,33,9.4,D,no,104.22
53,73,2,4,11.3,A,yes,253.39
54,84,3,11,13.2,B,yes,236.76
55,95,2,18,15.1,C,no,184.13
56,106,3,25,17.0,D,yes,194.50
57,117,4,32,1.3,A,yes,331.59
58,128,4,3,3.2,B,no,314.76
59,139,4,10,5.1,C,yes,313.13
60,150,5,17,7.0,D,yes,301.50
61,161,5,24,8.9,A,no,370.87
62,172,5,31,10.8,B,yes,369.24
63,47,2,2,12.7,C,yes,129.01
64,58,1,9,14.6,D,no,112.38
65,69,2,16,16.5,A,yes,232.75
66,80,3,23,0.8,B,yes,254.84
67,91,2,30,2.7,C,no,202.21
68,102,3,1,4.6,D,yes,241.38
69,113,4,8,6.5,A,yes,339.75
70,124,3,15,8.4,B,no,287.12
71,135,4,22,10.3,C,yes,292.49
72,146,5,29,12.2,D,yes,280.86
73,157,4,0,14.1,A,no,372.03
74,168,5,7,16.0,B,yes,377.40
75,179,6,14,17.9,C,yes,360.77
76,54,1,21,2.2,D,no,99.46
77,65,2,28,4.1,A,yes,219.83
78,76,3,35,6.0,B,yes,203.20
79,87,2,6,7.9,C,no,210.37
80,98,3,13,9.8,D,yes,220.74
81,109,4,20,11.7,A,yes,319.11
82,120,3,27,13.6,B,no,266.48
83,131,4,34,15.5,C,yes,271.85
84,142,5,5,17.4,D,yes,289.02
85,153,4,12,1.7,A,no,390.11
86,164,5,19,3.6,B,yes,395.48
87,175,6,26,5.5,C,yes,378.85
88,50,1,33,7.4,D,no,78.82
89,61,2,4,9.3,A,yes,227.99
90,72,3,11,11.2,B,yes,211.36
91,83,2,18,13.1,C,no,158.73
92,94,3,25,15.0,D,yes,169.10
93,105,4,32,16.9,A,yes,267.47
94,116,3,3,1.2,B,no,282.36
95,127,4,10,3.1,C,yes,318.73
96,138,5,17,5.0,D,yes,307.10
97,149,4,24,6.9,A,no,369.47
98,160,5,31,8.8,B,yes,374.84
99,171,6,2,10.7,C,yes,387.01
100,46,1,9,12.6,D,no,86.98
101,57,2,16,14.5,A,yes,207.35
102,68,3,23,16.4,B,yes,190.72
103,79,2,30,0.7,C,no,176.81
104,90,3,1,2.6,D,yes,215.98
105,101,4,8,4.5,A,yes,314.35
106,112,3,15,6.4,B,no,261.72
107,123,4,22,8.3,C,yes,267.09
108,134,5,29,10.2,D,yes,255.46
109,145,4,0,12.1,A,no,346.63
110,156,5,7,14.0,B,yes,383.00
111,167,6,14,15.9,C,yes,366.37
112,178,5,21,17.8,D,no,318.74
113,53,2,28,2.1,A,yes,225.43
114,64,3,35,4.0,B,yes,208.80
115,75,2,6,5.9,C,no,184.97
116,86,3,13,7.8,D,yes,195.34
117,97,4,20,9.7,A,yes,293.71
118,108,3,27,11.6,B,no,241.08
119,119,4,34,13.5,C,yes,246.45
120,130,5,5,15.4,D,yes,263.62
121,141,4,12,17.3,A,no,325.99
122,152,5,19,1.6,B,yes,370.08
123,163,6,26,3.5,C,yes,353.45
124,174,5,33,5.4,D,no,305.82
125,49,2,4,7.3,A,yes,202.59
126,60,2,11,9.2,B,yes,209.96
127,71,2,18,11.1,C,no,164.33
128,82,3,25,13.0,D,yes,174.70
129,93,3,32,14.9,A,yes,266.07
130,104,3,3,16.8,B,no,249.24
131,115,4,10,1.1,C,yes,293.33
132,126,4,17,3.0,D,yes,274.70
133,137,4,24,4.9,A,no,344.07
134,148,5,31,6.8,B,yes,349.44
135,159,5,2,8.7,C,yes,354.61
136,170,5,9,10.6,D,no,313.98
137,45,1,16,12.5,A,yes,174.95
138,56,2,23,14.4,B,yes,158.32
139,67,2,30,16.3,C,no,112.69
140,78,2,1,0.6,D,yes,183.58
141,89,3,8,2.5,A,yes,312.95
142,100,3,15,4.4,B,no,267.32
143,111,3,22,6.3,C,yes,265.69
144,122,4,29,8.2,D,yes,254.06
145,133,4,0,10.1,A,no,352.23
146,144,5,7,12.0,B,yes,357.60
147,155,5,14,13.9,C,yes,333.97
148,166,5,21,15.8,D,no,293.34
149,177,6,28,17.7,A,yes,413.71
150,52,2,35,2.0,B,yes,176.40
151,63,1,6,3.9,C,no,152.57
152,74,2,13,5.8,D,yes,162.94
153,85,3,20,7.7,A,yes,261.31
154,96,3,27,9.6,B,no,215.68
155,107,3,34,11.5,C,yes,214.05
156,118,4,5,13.4,D,yes,231.22
157,129,4,12,15.3,A,no,331.59
158,140,4,19,17.2,B,yes,329.96
159,151,5,26,1.5,C,yes,352.05
160,162,5,33,3.4,D,no,311.42
161,173,5,4,5.3,A,yes,453.59
162,48,2,11,7.2,B,yes,184.56
163,59,1,18,9.1,C,no,131.93
164,70,2,25,11.0,D,yes,142.30
165,81,3,32,12.9,A,yes,240.67
166,92,2,3,14.8,B,no,216.84
167,103,3,10,16.7,C,yes,222.21
168,114,4,17,1.0,D,yes,249.30
169,125,3,24,2.9,A,no,311.67
170,136,4,31,4.8,B,yes,317.04
171,147,5,2,6.7,C,yes,329.21
172,158,4,9,8.6,D,no,312.58
173,169,5,16,10.5,A,yes,432.95
174,180,6,23,12.4,B,yes,416.32
175,55,1,30,14.3,C,no,111.29
176,66,2,1,16.2,D,yes,150.46
177,77,3,8,0.5,A,yes,287.55
178,88,2,15,2.4,B,no,234.92
179,99,3,22,4.3,C,yes,240.29
180,110,4,29,6.2,D,yes,228.66
181,121,3,0,8.1,A,no,319.83
182,132,4,7,10.0,B,yes,325.20
183,143,5,14,11.9,C,yes,308.57
184,154,4,21,13.8,D,no,260.94
185,165,5,28,15.7,A,yes,381.31
186,176,6,35,17.6,B,yes,364.68
187,51,1,6,1.9,C,no,127.17
188,62,2,13,3.8,D,yes,168.54
189,73,3,20,5.7,A,yes,266.91
190,84,2,27,7.6,B,no,214.28
191,95,3,34,9.5,C,yes,219.65
192,106,4,5,11.4,D,yes,236.82
193,117,3,12,13.3,A,no,299.19
194,128,4,19,15.2,B,yes,304.56
195,139,5,26,17.1,C,yes,287.93
196,150,4,33,1.4,D,no,279.02
197,161,5,4,3.3,A,yes,428.19
198,172,6,11,5.2,B,yes,411.56
199,47,1,18,7.1,C,no,106.53
200,58,2,25,9.0,D,yes,116.90
201,69,3,32,10.9,A,yes,215.27
202,80,2,3,12.8,B,no,191.44
203,91,3,10,14.7,C,yes,227.81
204,102,4,17,16.6,D,yes,216.18
205,113,3,24,0.9,A,no,317.27
206,124,4,31,2.8,B,yes,322.64
207,135,5,2,4.7,C,yes,334.81
208,146,4,9,6.6,D,no,287.18
209,157,5,16,8.5,A,yes,407.55
210,168,6,23,10.4,B,yes,390.92
211,179,5,30,12.3,C,no,338.29
212,54,2,1,14.2,D,yes,125.06
213,65,3,8,16.1,A,yes,223.43
214,76,2,15,18.0,B,no,170.80
215,87,3,22,2.3,C,yes,214.89
216,98,4,29,4.2,D,yes,203.26
217,109,3,0,6.1,A,no,294.43
218,120,4,7,8.0,B,yes,299.80
219,131,5,14,9.9,C,yes,314.17
220,142,4,21,11.8,D,no,266.54
221,153,5,28,13.7,A,yes,386.91
222,164,6,35,15.6,B,yes,370.28
223,175,5,6,17.5,C,no,346.45
224,50,2,13,1.8,D,yes,143.14
225,61,2,20,3.7,A,yes,234.51
226,72,2,27,5.6,B,no,188.88
227,83,3,34,7.5,C,yes,194.25
228,94,3,5,9.4,D,yes,204.42
229,105,3,12,11.3,A,no,273.79
230,116,4,19,13.2,B,yes,279.16
231,127,4,26,15.1,C,yes,255.53
232,138,4,33,17.0,D,no,214.90
233,149,5,4,1.3,A,yes,402.79
234,160,6,11,3.2,B,yes,417.16
235,171,5,18,5.1,C,no,364.53
236,46,1,25,7.0,D,yes,115.50
237,57,2,32,8.9,A,yes,213.87
238,68,2,3,10.8,B,no,197.04
239,79,2,10,12.7,C,yes,195.41
240,90,3,17,14.6,D,yes,183.78
241,101,3,24,16.5,A,no,253.15
242,112,4,31,0.8,B,yes,297.24
243,123,4,2,2.7,C,yes,302.41
244,134,4,9,4.6,D,no,261.78
245,145,5,16,6.5,A,yes,382.15
246,156,5,23,8.4,B,yes,358.52
247,167,5,30,10.3,C,no,312.89
248,178,6,1,12.2,D,yes,352.06
249,53,2,8,14.1,A,yes,191.03
250,64,2,15,16.0,B,no,176.40
251,75,2,22,17.9,C,yes,174.77
252,86,3,29,2.2,D,yes,201.86
253,97,3,0,4.1,A,no,300.03
254,108,3,7,6.0,B,yes,298.40
255,119,4,14,7.9,C,yes,281.77
256,130,4,21,9.8,D,no,241.14
257,141,4,28,11.7,A,yes,354.51
258,152,5,35,13.6,B,yes,337.88
259,163,5,6,15.5,C,no,321.05
260,174,5,13,17.4,D,yes,324.42
261,49,2,20,1.7,A,yes,209.11
262,60,1,27,3.6,B,no,156.48
263,71,2,34,5.5,C,yes,161.85
264,82,3,5,7.4,D,yes,179.02
265,93,2,12,9.3,A,no,272.39
266,104,3,19,11.2,B,yes,277.76
267,115,4,26,13.1,C,yes,261.13
268,126,3,33,15.0,D,no,213.50
269,137,4,4,16.9,A,yes,362.67
270,148,5,11,1.2,B,yes,384.76
271,159,4,18,3.1,C,no,332.13
272,170,5,25,5.0,D,yes,342.50
273,45,2,32,6.9,A,yes,188.47
274,56,1,3,8.8,B,no,164.64
275,67,2,10,10.7,C,yes,170.01
276,78,3,17,12.6,D,yes,158.38
277,89,2,24,14.5,A,no,220.75
278,100,3,31,16.4,B,yes,226.12
279,111,4,2,0.7,C,yes,277.01
280,122,3,9,2.6,D,no,229.38
281,133,4,16,4.5,A,yes,380.75
282,144,5,23,6.4,B,yes,364.12
283,155,4,30,8.3,C,no,311.49
284,166,5,1,10.2,D,yes,350.66
285,177,6,8,12.1,A,yes,449.03
286,52,1,15,14.0,B,no,144.00
287,63,2,22,15.9,C,yes,149.37
288,74,3,29,17.8,D,yes,137.74
289,85,2,0,2.1,A,no,267.63
290,96,3,7,4.0,B,yes,273.00
291,107,4,14,5.9,C,yes,256.37
292,118,3,21,7.8,D,no,208.74
293,129,4,28,9.7,A,yes,329.11
294,140,5,35,11.6,B,yes,312.48
295,151,4,6,13.5,C,no,288.65
296,162,5,13,15.4,D,yes,330.02
297,173,6,20,17.3,A,yes,428.39
298,48,1,27,1.6,B,no,162.08
299,59,2,34,3.5,C,yes,167.45
300,70,3,5,5.4,D,yes,184.62
301,81,2,12,7.3,A,no,246.99
302,92,3,19,9.2,B,yes,252.36
303,103,4,26,11.1,C,yes,235.73
304,114,3,33,13.0,D,no,188.10
305,125,4,4,14.9,A,yes,337.27
306,136,5,11,16.8,B,yes,320.64
307,147,4,18,1.1,C,no,306.73
308,158,5,25,3.0,D,yes,317.10
309,169,6,32,4.9,A,yes,415.47
310,180,5,3,6.8,B,no,391.64
311,55,2,10,8.7,C,yes,144.61
312,66,3,17,10.6,D,yes,163.98
313,77,2,24,12.5,A,no,226.35
314,88,3,31,14.4,B,yes,231.72
315,99,4,2,16.3,C,yes,243.89
316,110,3,9,0.6,D,no,234.98
317,121,4,16,2.5,A,yes,355.35
318,132,5,23,4.4,B,yes,338.72
319,143,4,30,6.3,C,no,286.09
320,154,5,1,8.2,D,yes,325.26
321,165,6,8,10.1,A,yes,423.63
322,176,5,15,12.0,B,no,371.00
323,51,2,22,13.9,C,yes,123.97
324,62,2,29,15.8,D,yes,105.34
325,73,2,0,17.7,A,no,203.51
326,84,3,7,2.0,B,yes,247.60
327,95,3,14,3.9,C,yes,254.97
328,106,3,21,5.8,D,no,214.34
329,117,4,28,7.7,A,yes,334.71
330,128,5,35,9.6,B,yes,318.08
331,139,4,6,11.5,C,no,294.25
332,150,5,13,13.4,D,yes,304.62
333,161,6,20,15.3,A,yes,402.99
334,172,5,27,17.2,B,no,350.36
335,47,1,34,1.5,C,yes,135.05
336,58,2,5,3.4,D,yes,152.22
337,69,2,12,5.3,A,no,221.59
338,80,3,19,7.2,B,yes,226.96
339,91,3,26,9.1,C,yes,203.33
340,102,3,33,11.0,D,no,162.70
341,113,4,4,12.9,A,yes,311.87
342,124,4,11,14.8,B,yes,288.24
343,135,4,18,16.7,C,no,273.61
344,146,5,25,1.0,D,yes,322.70
345,157,5,32,2.9,A,yes,414.07
346,168,5,3,4.8,B,no,397.24
347,179,6,10,6.7,C,yes,402.61
348,54,2,17,8.6,D,yes,131.58
349,65,2,24,10.5,A,no,200.95
350,76,2,31,12.4,B,yes,199.32
351,87,3,2,14.3,C,yes,211.49
352,98,3,9,16.2,D,no,170.86
353,109,3,16,0.5,A,yes,322.95
354,120,4,23,2.4,B,yes,306.32
355,131,4,30,4.3,C,no,260.69
356,142,4,1,6.2,D,yes,292.86
357,153,5,8,8.1,A,yes,391.23
358,164,5,15,10.0,B,no,376.60
359,175,5,22,11.9,C,yes,374.97
360,50,2,29,13.8,D,yes,110.94
