label,text
科技,芯片 算力 人工智能 模型 数据 软件 开源 云计算 平台 工具
科技,软件 开源 云计算 平台 工具 芯片 算力 人工智能 模型 数据
科技,机器人 自动驾驶 传感器 算法 制造 机器人 自动驾驶 传感器 算法 制造
科技,芯片 算力 人工智能 模型 数据 软件 开源 云计算 平台 工具
科技,软件 开源 云计算 平台 工具 芯片 算力 人工智能 模型 数据
科技,机器人 自动驾驶 传感器 算法 制造 机器人 自动驾驶 传感器 算法 制造
科技,芯片 算力 人工智能 模型 数据 软件 开源 云计算 平台 工具
科技,软件 开源 云计算 平台 工具 芯片 算力 人工智能 模型 数据
科技,机器人 自动驾驶 传感器 算法 制造 机器人 自动驾驶 传感器 算法 制造
科技,芯片 算力 人工智能 模型 数据 软件 开源 云计算 平台 工具
科技,软件 开源 云计算 平台 工具 芯片 算力 人工智能 模型 数据
科技,机器人 自动驾驶 传感器 算法 制造 机器人 自动驾驶 传感器 算法 制造
科技,芯片 算力 人工智能 模型 数据 软件 开源 云计算 平台 工具
科技,软件 开源 云计算 平台 工具 芯片 算力 人工智能 模型 数据
科技,机器人 自动驾驶 传感器 算法 制造 机器人 自动驾驶 传感器 算法 制造
科技,芯片 算力 人工智能 模型 数据 软件 开源 云计算 平台 工具
科技,软件 开源 云计算 平台 工具 芯片 算力 人工智能 模型 数据
科技,机器人 自动驾驶 传感器 算法 制造 机器人 自动驾驶 传感器 算法 制造
科技,芯片 算力 人工智能 模型 数据 软件 开源 云计算 平台 工具
科技,软件 开源 云计算 平台 工具 芯片 算力 人工智能 模型 数据
科技,机器人 自动驾驶 传感器 算法 制造 机器人 自动驾驶 传感器 算法 制造
科技,芯片 算力 人工智能 模型 数据 软件 开源 云计算 平台 工具
科技,软件 开源 云计算 平台 工具 芯片 算力 人工智能 模型 数据
科技,机器人 自动驾驶 传感器 算法 制造 机器人 自动驾驶 传感器 算法 制造
科技,芯片 算力 人工智能 模型 数据 软件 开源 云计算 平台 工具
科技,软件 开源 云计算 平台 工具 芯片 算力 人工智能 模型 数据
科技,机器人 自动驾驶 传感器 算法 制造 机器人 自动驾驶 传感器 算法 制造
科技,芯片 算力 人工智能 模型 数据 软件 开源 云计算 平台 工具
科技,软件 开源 云计算 平台 工具 芯片 算力 人工智能 模型 数据
科技,机器人 自动驾驶 传感器 算法 制造 机器人 自动驾驶 传感器 算法 制造
科技,芯片 算力 人工智能 模型 数据 软件 开源 云计算 平台 工具
科技,软件 开源 云计算 平台 工具 芯片 算力 人工智能 模型 数据
科技,机器人 自动驾驶 传感器 算法 制造 机器人 自动驾驶 传感器 算法 制造
科技,芯片 算力 人工智能 模型 数据 软件 开源 云计算 平台 工具
科技,软件 开源 云计算 平台 工具 芯片 算力 人工智能 模型 数据
科技,机器人 自动驾驶 传感器 算法 制造 机器人 自动驾驶 传感器 算法 制造
科技,芯片 算力 人工智能 模型 数据 软件 开源 云计算 平台 工具
科技,软件 开源 云计算 平台 工具 芯片 算力 人工智能 模型 数据
科技,机器人 自动驾驶 传感器 算法 制造 机器人 自动驾驶 传感器 算法 制造
科技,芯片 算力 人工智能 模型 数据 软件 开源 云计算 平台 工具
科技,软件 开源 云计算 平台 工具 芯片 算力 人工智能 模型 数据
科技,机器人 自动驾驶 传感器 算法 制造 机器人 自动驾驶 传感器 算法 制造
科技,芯片 算力 人工智能 模型 数据 软件 开源 云计算 平台 工具
科技,软件 开源 云计算 平台 工具 芯片 算力 人工智能 模型 数据
科技,机器人 自动驾驶 传感器 算法 制造 机器人 自动驾驶 传感器 算法 制造
科技,芯片 算力 人工智能 模型 数据 软件 开源 云计算 平台 工具
科技,软件 开源 云计算 平台 工具 芯片 算力 人工智能 模型 数据
科技,机器人 自动驾驶 传感器 算法 制造 机器人 自动驾驶 传感器 算法 制造
科技,芯片 算力 人工智能 模型 数据 软件 开源 云计算 平台 工具
科技,软件 开源 云计算 平台 工具 芯片 算力 人工智能 模型 数据
科技,机器人 自动驾驶 传感器 算法 制造 机器人 自动驾驶 传感器 算法 制造
科技,芯片 算力 人工智能 模型 数据 软件 开源 云计算 平台 工具
科技,软件 开源 云计算 平台 工具 芯片 算力 人工智能 模型 数据
科技,机器人 自动驾驶 传感器 算法 制造 机器人 自动驾驶 传感器 算法 制造
科技,芯片 算力 人工智能 模型 数据 软件 开源 云计算 平台 工具
财经,股票 市场 投资 公司 财报 银行 利率 贷款 金融 风险
财经,银行 利率 贷款 金融 风险 股票 市场 投资 公司 财报
财经,消费 价格 经济 增长 企业 消费 价格 经济 增长 企业
财经,股票 市场 投资 公司 财报 银行 利率 贷款 金融 风险
财经,银行 利率 贷款 金融 风险 股票 市场 投资 公司 财报
财经,消费 价格 经济 增长 企业 消费 价格 经济 增长 企业
财经,股票 市场 投资 公司 财报 银行 利率 贷款 金融 风险
财经,银行 利率 贷款 金融 风险 股票 市场 投资 公司 财报
财经,消费 价格 经济 增长 企业 消费 价格 经济 增长 企业
财经,股票 市场 投资 公司 财报 银行 利率 贷款 金融 风险
财经,银行 利率 贷款 金融 风险 股票 市场 投资 公司 财报
财经,消费 价格 经济 增长 企业 消费 价格 经济 增长 企业
财经,股票 市场 投资 公司 财报 银行 利率 贷款 金融 风险
财经,银行 利率 贷款 金融 风险 股票 市场 投资 公司 财报
财经,消费 价格 经济 增长 企业 消费 价格 经济 增长 企业
财经,股票 市场 投资 公司 财报 银行 利率 贷款 金融 风险
财经,银行 利率 贷款 金融 风险 股票 市场 投资 公司 财报
财经,消费 价格 经济 增长 企业 消费 价格 经济 增长 企业
财经,股票 市场 投资 公司 财报 银行 利率 贷款 金融 风险
财经,银行 利率 贷款 金融 风险 股票 市场 投资 公司 财报
财经,消费 价格 经济 增长 企业 消费 价格 经济 增长 企业
财经,股票 市场 投资 公司 财报 银行 利率 贷款 金融 风险
财经,银行 利率 贷款 金融 风险 股票 市场 投资 公司 财报
财经,消费 价格 经济 增长 企业 消费 价格 经济 增长 企业
财经,股票 市场 投资 公司 财报 银行 利率 贷款 金融 风险
财经,银行 利率 贷款 金融 风险 股票 市场 投资 公司 财报
财经,消费 价格 经济 增长 企业 消费 价格 经济 增长 企业
财经,股票 市场 投资 公司 财报 银行 利率 贷款 金融 风险
财经,银行 利率 贷款 金融 风险 股票 市场 投资 公司 财报
财经,消费 价格 经济 增长 企业 消费 价格 经济 增长 企业
财经,股票 市场 投资 公司 财报 银行 利率 贷款 金融 风险
财经,银行 利率 贷款 金融 风险 股票 市场 投资 公司 财报
财经,消费 价格 经济 增长 企业 消费 价格 经济 增长 企业
财经,股票 市场 投资 公司 财报 银行 利率 贷款 金融 风险
财经,银行 利率 贷款 金融 风险 股票 市场 投资 公司 财报
财经,消费 价格 经济 增长 企业 消费 价格 经济 增长 企业
财经,股票 市场 投资 公司 财报 银行 利率 贷款 金融 风险
财经,银行 利率 贷款 金融 风险 股票 市场 投资 公司 财报
财经,消费 价格 经济 增长 企业 消费 价格 经济 增长 企业
财经,股票 市场 投资 公司 财报 银行 利率 贷款 金融 风险
财经,银行 利率 贷款 金融 风险 股票 市场 投资 公司 财报
财经,消费 价格 经济 增长 企业 消费 价格 经济 增长 企业
财经,股票 市场 投资 公司 财报 银行 利率 贷款 金融 风险
财经,银行 利率 贷款 金融 风险 股票 市场 投资 公司 财报
财经,消费 价格 经济 增长 企业 消费 价格 经济 增长 企业
财经,股票 市场 投资 公司 财报 银行 利率 贷款 金融 风险
财经,银行 利率 贷款 金融 风险 股票 市场 投资 公司 财报
财经,消费 价格 经济 增长 企业 消费 价格 经济 增长 企业
财经,股票 市场 投资 公司 财报 银行 利率 贷款 金融 风险
财经,银行 利率 贷款 金融 风险 股票 市场 投资 公司 财报
财经,消费 价格 经济 增长 企业 消费 价格 经济 增长 企业
财经,股票 市场 投资 公司 财报 银行 利率 贷款 金融 风险
财经,银行 利率 贷款 金融 风险 股票 市场 投资 公司 财报
财经,消费 价格 经济 增长 企业 消费 价格 经济 增长 企业
财经,股票 市场 投资 公司 财报 银行 利率 贷款 金融 风险
体育,球队 比赛 球员 联赛 进球 冠军 训练 赛季 竞技 成绩
体育,冠军 训练 赛季 竞技 成绩 球队 比赛 球员 联赛 进球
体育,篮球 足球 运动员 主场 胜利 篮球 足球 运动员 主场 胜利
体育,球队 比赛 球员 联赛 进球 冠军 训练 赛季 竞技 成绩
体育,冠军 训练 赛季 竞技 成绩 球队 比赛 球员 联赛 进球
体育,篮球 足球 运动员 主场 胜利 篮球 足球 运动员 主场 胜利
体育,球队 比赛 球员 联赛 进球 冠军 训练 赛季 竞技 成绩
体育,冠军 训练 赛季 竞技 成绩 球队 比赛 球员 联赛 进球
体育,篮球 足球 运动员 主场 胜利 篮球 足球 运动员 主场 胜利
体育,球队 比赛 球员 联赛 进球 冠军 训练 赛季 竞技 成绩
体育,冠军 训练 赛季 竞技 成绩 球队 比赛 球员 联赛 进球
体育,篮球 足球 运动员 主场 胜利 篮球 足球 运动员 主场 胜利
体育,球队 比赛 球员 联赛 进球 冠军 训练 赛季 竞技 成绩
体育,冠军 训练 赛季 竞技 成绩 球队 比赛 球员 联赛 进球
体育,篮球 足球 运动员 主场 胜利 篮球 足球 运动员 主场 胜利
体育,球队 比赛 球员 联赛 进球 冠军 训练 赛季 竞技 成绩
体育,冠军 训练 赛季 竞技 成绩 球队 比赛 球员 联赛 进球
体育,篮球 足球 运动员 主场 胜利 篮球 足球 运动员 主场 胜利
体育,球队 比赛 球员 联赛 进球 冠军 训练 赛季 竞技 成绩
体育,冠军 训练 赛季 竞技 成绩 球队 比赛 球员 联赛 进球
体育,篮球 足球 运动员 主场 胜利 篮球 足球 运动员 主场 胜利
体育,球队 比赛 球员 联赛 进球 冠军 训练 赛季 竞技 成绩
体育,冠军 训练 赛季 竞技 成绩 球队 比赛 球员 联赛 进球
体育,篮球 足球 运动员 主场 胜利 篮球 足球 运动员 主场 胜利
体育,球队 比赛 球员 联赛 进球 冠军 训练 赛季 竞技 成绩
体育,冠军 训练 赛季 竞技 成绩 球队 比赛 球员 联赛 进球
体育,篮球 足球 运动员 主场 胜利 篮球 足球 运动员 主场 胜利
体育,球队 比赛 球员 联赛 进球 冠军 训练 赛季 竞技 成绩
体育,冠军 训练 赛季 竞技 成绩 球队 比赛 球员 联赛 进球
体育,篮球 足球 运动员 主场 胜利 篮球 足球 运动员 主场 胜利
体育,球队 比赛 球员 联赛 进球 冠军 训练 赛季 竞技 成绩
体育,冠军 训练 赛季 竞技 成绩 球队 比赛 球员 联赛 进球
体育,篮球 足球 运动员 主场 胜利 篮球 足球 运动员 主场 胜利
体育,球队 比赛 球员 联赛 进球 冠军 训练 赛季 竞技 成绩
体育,冠军 训练 赛季 竞技 成绩 球队 比赛 球员 联赛 进球
体育,篮球 足球 运动员 主场 胜利 篮球 足球 运动员 主场 胜利
体育,球队 比赛 球员 联赛 进球 冠军 训练 赛季 竞技 成绩
体育,冠军 训练 赛季 竞技 成绩 球队 比赛 球员 联赛 进球
体育,篮球 足球 运动员 主场 胜利 篮球 足球 运动员 主场 胜利
体育,球队 比赛 球员 联赛 进球 冠军 训练 赛季 竞技 成绩
体育,冠军 训练 赛季 竞技 成绩 球队 比赛 球员 联赛 进球
体育,篮球 足球 运动员 主场 胜利 篮球 足球 运动员 主场 胜利
体育,球队 比赛 球员 联赛 进球 冠军 训练 赛季 竞技 成绩
体育,冠军 训练 赛季 竞技 成绩 球队 比赛 球员 联赛 进球
体育,篮球 足球 运动员 主场 胜利 篮球 足球 运动员 主场 胜利
体育,球队 比赛 球员 联赛 进球 冠军 训练 赛季 竞技 成绩
体育,冠军 训练 赛季 竞技 成绩 球队 比赛 球员 联赛 进球
体育,篮球 足球 运动员 主场 胜利 篮球 足球 运动员 主场 胜利
体育,球队 比赛 球员 联赛 进球 冠军 训练 赛季 竞技 成绩
体育,冠军 训练 赛季 竞技 成绩 球队 比赛 球员 联赛 进球
体育,篮球 足球 运动员 主场 胜利 篮球 足球 运动员 主场 胜利
体育,球队 比赛 球员 联赛 进球 冠军 训练 赛季 竞技 成绩
体育,冠军 训练 赛季 竞技 成绩 球队 比赛 球员 联赛 进球
体育,篮球 足球 运动员 主场 胜利 篮球 足球 运动员 主场 胜利
体育,球队 比赛 球员 联赛 进球 冠军 训练 赛季 竞技 成绩
教育,学校 教师 学生 课程 教学 职业 教育 技能 实训 考试
教育,职业 教育 技能 实训 考试 学校 教师 学生 课程 教学
教育,大学 专业 学习 教材 项目 大学 专业 学习 教材 项目
教育,学校 教师 学生 课程 教学 职业 教育 技能 实训 考试
教育,职业 教育 技能 实训 考试 学校 教师 学生 课程 教学
教育,大学 专业 学习 教材 项目 大学 专业 学习 教材 项目
教育,学校 教师 学生 课程 教学 职业 教育 技能 实训 考试
教育,职业 教育 技能 实训 考试 学校 教师 学生 课程 教学
教育,大学 专业 学习 教材 项目 大学 专业 学习 教材 项目
教育,学校 教师 学生 课程 教学 职业 教育 技能 实训 考试
教育,职业 教育 技能 实训 考试 学校 教师 学生 课程 教学
教育,大学 专业 学习 教材 项目 大学 专业 学习 教材 项目
教育,学校 教师 学生 课程 教学 职业 教育 技能 实训 考试
教育,职业 教育 技能 实训 考试 学校 教师 学生 课程 教学
教育,大学 专业 学习 教材 项目 大学 专业 学习 教材 项目
教育,学校 教师 学生 课程 教学 职业 教育 技能 实训 考试
教育,职业 教育 技能 实训 考试 学校 教师 学生 课程 教学
教育,大学 专业 学习 教材 项目 大学 专业 学习 教材 项目
教育,学校 教师 学生 课程 教学 职业 教育 技能 实训 考试
教育,职业 教育 技能 实训 考试 学校 教师 学生 课程 教学
教育,大学 专业 学习 教材 项目 大学 专业 学习 教材 项目
教育,学校 教师 学生 课程 教学 职业 教育 技能 实训 考试
教育,职业 教育 技能 实训 考试 学校 教师 学生 课程 教学
教育,大学 专业 学习 教材 项目 大学 专业 学习 教材 项目
教育,学校 教师 学生 课程 教学 职业 教育 技能 实训 考试
教育,职业 教育 技能 实训 考试 学校 教师 学生 课程 教学
教育,大学 专业 学习 教材 项目 大学 专业 学习 教材 项目
教育,学校 教师 学生 课程 教学 职业 教育 技能 实训 考试
教育,职业 教育 技能 实训 考试 学校 教师 学生 课程 教学
教育,大学 专业 学习 教材 项目 大学 专业 学习 教材 项目
教育,学校 教师 学生 课程 教学 职业 教育 技能 实训 考试
教育,职业 教育 技能 实训 考试 学校 教师 学生 课程 教学
教育,大学 专业 学习 教材 项目 大学 专业 学习 教材 项目
教育,学校 教师 学生 课程 教学 职业 教育 技能 实训 考试
教育,职业 教育 技能 实训 考试 学校 教师 学生 课程 教学
教育,大学 专业 学习 教材 项目 大学 专业 学习 教材 项目
教育,学校 教师 学生 课程 教学 职业 教育 技能 实训 考试
教育,职业 教育 技能 实训 考试 学校 教师 学生 课程 教学
教育,大学 专业 学习 教材 项目 大学 专业 学习 教材 项目
教育,学校 教师 学生 课程 教学 职业 教育 技能 实训 考试
教育,职业 教育 技能 实训 考试 学校 教师 学生 课程 教学
教育,大学 专业 学习 教材 项目 大学 专业 学习 教材 项目
教育,学校 教师 学生 课程 教学 职业 教育 技能 实训 考试
教育,职业 教育 技能 实训 考试 学校 教师 学生 课程 教学
教育,大学 专业 学习 教材 项目 大学 专业 学习 教材 项目
教育,学校 教师 学生 课程 教学 职业 教育 技能 实训 考试
教育,职业 教育 技能 实训 考试 学校 教师 学生 课程 教学
教育,大学 专业 学习 教材 项目 大学 专业 学习 教材 项目
教育,学校 教师 学生 课程 教学 职业 教育 技能 实训 考试
教育,职业 教育 技能 实训 考试 学校 教师 学生 课程 教学
教育,大学 专业 学习 教材 项目 大学 专业 学习 教材 项目
教育,学校 教师 学生 课程 教学 职业 教育 技能 实训 考试
教育,职业 教育 技能 实训 考试 学校 教师 学生 课程 教学
教育,大学 专业 学习 教材 项目 大学 专业 学习 教材 项目
教育,学校 教师 学生 课程 教学 职业 教育 技能 实训 考试
