ticket_id,category,priority,content
T0,物流,低,快递延迟一直没有收到
T1,商品质量,高,商品破损与描述不符
T2,售后,中,退款处理很慢客服未回复
T3,支付,低,付款失败但余额被扣
T4,账号,高,无法登录账号被锁定
T5,物流,中,快递延迟一直没有收到
T6,商品质量,低,商品破损与描述不符
T7,售后,高,退款处理很慢客服未回复
T8,支付,中,付款失败但余额被扣
T9,账号,低,无法登录账号被锁定
T10,物流,高,快递延迟一直没有收到
T11,商品质量,中,商品破损与描述不符
T12,售后,低,退款处理很慢客服未回复
T13,支付,高,付款失败但余额被扣
T14,账号,中,无法登录账号被锁定
T15,物流,低,快递延迟一直没有收到
T16,商品质量,高,商品破损与描述不符
T17,售后,中,退款处理很慢客服未回复
T18,支付,低,付款失败但余额被扣
T19,账号,高,无法登录账号被锁定
T20,物流,中,快递延迟一直没有收到
T21,商品质量,低,商品破损与描述不符
T22,售后,高,退款处理很慢客服未回复
T23,支付,中,付款失败但余额被扣
T24,账号,低,无法登录账号被锁定
T25,物流,高,快递延迟一直没有收到
T26,商品质量,中,商品破损与描述不符
T27,售后,低,退款处理很慢客服未回复
T28,支付,高,付款失败但余额被扣
T29,账号,中,无法登录账号被锁定
T30,物流,低,快递延迟一直没有收到
T31,商品质量,高,商品破损与描述不符
T32,售后,中,退款处理很慢客服未回复
T33,支付,低,付款失败但余额被扣
T34,账号,高,无法登录账号被锁定
T35,物流,中,快递延迟一直没有收到
T36,商品质量,低,商品破损与描述不符
T37,售后,高,退款处理很慢客服未回复
T38,支付,中,付款失败但余额被扣
T39,账号,低,无法登录账号被锁定
T40,物流,高,快递延迟一直没有收到
T41,商品质量,中,商品破损与描述不符
T42,售后,低,退款处理很慢客服未回复
T43,支付,高,付款失败但余额被扣
T44,账号,中,无法登录账号被锁定
T45,物流,低,快递延迟一直没有收到
T46,商品质量,高,商品破损与描述不符
T47,售后,中,退款处理很慢客服未回复
T48,支付,低,付款失败但余额被扣
T49,账号,高,无法登录账号被锁定
T50,物流,中,快递延迟一直没有收到
T51,商品质量,低,商品破损与描述不符
T52,售后,高,退款处理很慢客服未回复
T53,支付,中,付款失败但余额被扣
T54,账号,低,无法登录账号被锁定
T55,物流,高,快递延迟一直没有收到
T56,商品质量,中,商品破损与描述不符
T57,售后,低,退款处理很慢客服未回复
T58,支付,高,付款失败但余额被扣
T59,账号,中,无法登录账号被锁定
T60,物流,低,快递延迟一直没有收到
T61,商品质量,高,商品破损与描述不符
T62,售后,中,退款处理很慢客服未回复
T63,支付,低,付款失败但余额被扣
T64,账号,高,无法登录账号被锁定
T65,物流,中,快递延迟一直没有收到
T66,商品质量,低,商品破损与描述不符
T67,售后,高,退款处理很慢客服未回复
T68,支付,中,付款失败但余额被扣
T69,账号,低,无法登录账号被锁定
T70,物流,高,快递延迟一直没有收到
T71,商品质量,中,商品破损与描述不符
T72,售后,低,退款处理很慢客服未回复
T73,支付,高,付款失败但余额被扣
T74,账号,中,无法登录账号被锁定
T75,物流,低,快递延迟一直没有收到
T76,商品质量,高,商品破损与描述不符
T77,售后,中,退款处理很慢客服未回复
T78,支付,低,付款失败但余额被扣
T79,账号,高,无法登录账号被锁定
T80,物流,中,快递延迟一直没有收到
T81,商品质量,低,商品破损与描述不符
T82,售后,高,退款处理很慢客服未回复
T83,支付,中,付款失败但余额被扣
T84,账号,低,无法登录账号被锁定
T85,物流,高,快递延迟一直没有收到
T86,商品质量,中,商品破损与描述不符
T87,售后,低,退款处理很慢客服未回复
T88,支付,高,付款失败但余额被扣
T89,账号,中,无法登录账号被锁定
T90,物流,低,快递延迟一直没有收到
T91,商品质量,高,商品破损与描述不符
T92,售后,中,退款处理很慢客服未回复
T93,支付,低,付款失败但余额被扣
T94,账号,高,无法登录账号被锁定
T95,物流,中,快递延迟一直没有收到
T96,商品质量,低,商品破损与描述不符
T97,售后,高,退款处理很慢客服未回复
T98,支付,中,付款失败但余额被扣
T99,账号,低,无法登录账号被锁定
T100,物流,高,快递延迟一直没有收到
T101,商品质量,中,商品破损与描述不符
T102,售后,低,退款处理很慢客服未回复
T103,支付,高,付款失败但余额被扣
T104,账号,中,无法登录账号被锁定
T105,物流,低,快递延迟一直没有收到
T106,商品质量,高,商品破损与描述不符
T107,售后,中,退款处理很慢客服未回复
T108,支付,低,付款失败但余额被扣
T109,账号,高,无法登录账号被锁定
T110,物流,中,快递延迟一直没有收到
T111,商品质量,低,商品破损与描述不符
T112,售后,高,退款处理很慢客服未回复
T113,支付,中,付款失败但余额被扣
T114,账号,低,无法登录账号被锁定
T115,物流,高,快递延迟一直没有收到
T116,商品质量,中,商品破损与描述不符
T117,售后,低,退款处理很慢客服未回复
T118,支付,高,付款失败但余额被扣
T119,账号,中,无法登录账号被锁定
T120,物流,低,快递延迟一直没有收到
T121,商品质量,高,商品破损与描述不符
T122,售后,中,退款处理很慢客服未回复
T123,支付,低,付款失败但余额被扣
T124,账号,高,无法登录账号被锁定
T125,物流,中,快递延迟一直没有收到
T126,商品质量,低,商品破损与描述不符
T127,售后,高,退款处理很慢客服未回复
T128,支付,中,付款失败但余额被扣
T129,账号,低,无法登录账号被锁定
T130,物流,高,快递延迟一直没有收到
T131,商品质量,中,商品破损与描述不符
T132,售后,低,退款处理很慢客服未回复
T133,支付,高,付款失败但余额被扣
T134,账号,中,无法登录账号被锁定
T135,物流,低,快递延迟一直没有收到
T136,商品质量,高,商品破损与描述不符
T137,售后,中,退款处理很慢客服未回复
T138,支付,低,付款失败但余额被扣
T139,账号,高,无法登录账号被锁定
T140,物流,中,快递延迟一直没有收到
T141,商品质量,低,商品破损与描述不符
T142,售后,高,退款处理很慢客服未回复
T143,支付,中,付款失败但余额被扣
T144,账号,低,无法登录账号被锁定
T145,物流,高,快递延迟一直没有收到
T146,商品质量,中,商品破损与描述不符
T147,售后,低,退款处理很慢客服未回复
T148,支付,高,付款失败但余额被扣
T149,账号,中,无法登录账号被锁定
T150,物流,低,快递延迟一直没有收到
T151,商品质量,高,商品破损与描述不符
T152,售后,中,退款处理很慢客服未回复
T153,支付,低,付款失败但余额被扣
T154,账号,高,无法登录账号被锁定
T155,物流,中,快递延迟一直没有收到
T156,商品质量,低,商品破损与描述不符
T157,售后,高,退款处理很慢客服未回复
T158,支付,中,付款失败但余额被扣
T159,账号,低,无法登录账号被锁定
T160,物流,高,快递延迟一直没有收到
T161,商品质量,中,商品破损与描述不符
T162,售后,低,退款处理很慢客服未回复
T163,支付,高,付款失败但余额被扣
T164,账号,中,无法登录账号被锁定
T165,物流,低,快递延迟一直没有收到
T166,商品质量,高,商品破损与描述不符
T167,售后,中,退款处理很慢客服未回复
T168,支付,低,付款失败但余额被扣
T169,账号,高,无法登录账号被锁定
T170,物流,中,快递延迟一直没有收到
T171,商品质量,低,商品破损与描述不符
T172,售后,高,退款处理很慢客服未回复
T173,支付,中,付款失败但余额被扣
T174,账号,低,无法登录账号被锁定
T175,物流,高,快递延迟一直没有收到
T176,商品质量,中,商品破损与描述不符
T177,售后,低,退款处理很慢客服未回复
T178,支付,高,付款失败但余额被扣
T179,账号,中,无法登录账号被锁定
