id,age,tenure_months,monthly_fee,support_calls,contract,internet_type,churn
1,18,1,60,0,month,fiber,1
2,25,14,97,5,year,none,1
3,32,27,134,1,two_year,dsl,0
4,39,40,171,6,month,fiber,1
5,46,53,208,2,year,none,0
6,53,66,245,7,two_year,dsl,0
7,60,7,282,3,month,fiber,0
8,67,20,319,8,year,none,0
9,21,33,356,4,two_year,dsl,0
10,28,46,393,0,month,fiber,0
11,35,59,430,5,year,none,0
12,42,72,467,1,two_year,dsl,1
13,49,13,64,6,month,fiber,1
14,56,26,101,2,year,none,0
15,63,39,138,7,two_year,dsl,0
16,70,52,175,3,month,fiber,0
17,24,65,212,8,year,none,0
18,31,6,249,4,two_year,dsl,0
19,38,19,286,0,month,fiber,0
20,45,32,323,5,year,none,0
21,52,45,360,1,two_year,dsl,0
22,59,58,397,6,month,fiber,1
23,66,71,434,2,year,none,0
24,20,12,471,7,two_year,dsl,1
25,27,25,68,3,month,fiber,1
26,34,38,105,8,year,none,0
27,41,51,142,4,two_year,dsl,0
28,48,64,179,0,month,fiber,0
29,55,5,216,5,year,none,0
30,62,18,253,1,two_year,dsl,0
31,69,31,290,6,month,fiber,0
32,23,44,327,2,year,none,1
33,30,57,364,7,two_year,dsl,1
34,37,70,401,3,month,fiber,1
35,44,11,438,8,year,none,1
36,51,24,475,4,two_year,dsl,0
37,58,37,72,0,month,fiber,0
38,65,50,109,5,year,none,0
39,19,63,146,1,two_year,dsl,0
40,26,4,183,6,month,fiber,0
41,33,17,220,2,year,none,0
42,40,30,257,7,two_year,dsl,0
43,47,43,294,3,month,fiber,1
44,54,56,331,8,year,none,0
45,61,69,368,4,two_year,dsl,0
46,68,10,405,0,month,fiber,1
47,22,23,442,5,year,none,0
48,29,36,479,1,two_year,dsl,0
49,36,49,76,6,month,fiber,0
50,43,62,113,2,year,none,0
51,50,3,150,7,two_year,dsl,0
52,57,16,187,3,month,fiber,0
53,64,29,224,8,year,none,1
54,18,42,261,4,two_year,dsl,0
55,25,55,298,0,month,fiber,1
56,32,68,335,5,year,none,0
57,39,9,372,1,two_year,dsl,0
58,46,22,409,6,month,fiber,1
59,53,35,446,2,year,none,0
60,60,48,483,7,two_year,dsl,0
61,67,61,80,3,month,fiber,0
62,21,2,117,8,year,none,0
63,28,15,154,4,two_year,dsl,1
64,35,28,191,0,month,fiber,1
65,42,41,228,5,year,none,0
66,49,54,265,1,two_year,dsl,0
67,56,67,302,6,month,fiber,1
68,63,8,339,2,year,none,0
69,70,21,376,7,two_year,dsl,0
70,24,34,413,3,month,fiber,0
71,31,47,450,8,year,none,0
72,38,60,487,4,two_year,dsl,0
73,45,1,84,0,month,fiber,0
74,52,14,121,5,year,none,1
75,59,27,158,1,two_year,dsl,0
76,66,40,195,6,month,fiber,1
77,20,53,232,2,year,none,0
78,27,66,269,7,two_year,dsl,0
79,34,7,306,3,month,fiber,0
80,41,20,343,8,year,none,0
81,48,33,380,4,two_year,dsl,0
82,55,46,417,0,month,fiber,0
83,62,59,454,5,year,none,0
84,69,72,491,1,two_year,dsl,1
85,23,13,88,6,month,fiber,1
86,30,26,125,2,year,none,0
87,37,39,162,7,two_year,dsl,0
88,44,52,199,3,month,fiber,0
89,51,65,236,8,year,none,0
90,58,6,273,4,two_year,dsl,0
91,65,19,310,0,month,fiber,0
92,19,32,347,5,year,none,0
93,26,45,384,1,two_year,dsl,0
94,33,58,421,6,month,fiber,1
95,40,71,458,2,year,none,0
96,47,12,495,7,two_year,dsl,1
97,54,25,92,3,month,fiber,1
98,61,38,129,8,year,none,0
99,68,51,166,4,two_year,dsl,0
100,22,64,203,0,month,fiber,0
101,29,5,240,5,year,none,0
102,36,18,277,1,two_year,dsl,0
103,43,31,314,6,month,fiber,0
104,50,44,351,2,year,none,0
105,57,57,388,7,two_year,dsl,1
106,64,70,425,3,month,fiber,1
107,18,11,462,8,year,none,1
108,25,24,499,4,two_year,dsl,0
109,32,37,96,0,month,fiber,0
110,39,50,133,5,year,none,0
111,46,63,170,1,two_year,dsl,0
112,53,4,207,6,month,fiber,0
113,60,17,244,2,year,none,0
114,67,30,281,7,two_year,dsl,0
115,21,43,318,3,month,fiber,1
116,28,56,355,8,year,none,1
117,35,69,392,4,two_year,dsl,0
118,42,10,429,0,month,fiber,1
119,49,23,466,5,year,none,0
120,56,36,63,1,two_year,dsl,0
121,63,49,100,6,month,fiber,0
122,70,62,137,2,year,none,0
123,24,3,174,7,two_year,dsl,0
124,31,16,211,3,month,fiber,0
125,38,29,248,8,year,none,1
126,45,42,285,4,two_year,dsl,0
127,52,55,322,0,month,fiber,1
128,59,68,359,5,year,none,0
129,66,9,396,1,two_year,dsl,0
130,20,22,433,6,month,fiber,1
131,27,35,470,2,year,none,0
132,34,48,67,7,two_year,dsl,0
133,41,61,104,3,month,fiber,0
134,48,2,141,8,year,none,0
135,55,15,178,4,two_year,dsl,0
136,62,28,215,0,month,fiber,1
137,69,41,252,5,year,none,0
138,23,54,289,1,two_year,dsl,0
139,30,67,326,6,month,fiber,1
140,37,8,363,2,year,none,0
141,44,21,400,7,two_year,dsl,0
142,51,34,437,3,month,fiber,0
143,58,47,474,8,year,none,0
144,65,60,71,4,two_year,dsl,0
145,19,1,108,0,month,fiber,0
146,26,14,145,5,year,none,1
147,33,27,182,1,two_year,dsl,0
148,40,40,219,6,month,fiber,1
149,47,53,256,2,year,none,0
150,54,66,293,7,two_year,dsl,0
151,61,7,330,3,month,fiber,0
152,68,20,367,8,year,none,0
153,22,33,404,4,two_year,dsl,0
154,29,46,441,0,month,fiber,0
155,36,59,478,5,year,none,0
156,43,72,75,1,two_year,dsl,0
157,50,13,112,6,month,fiber,1
158,57,26,149,2,year,none,0
159,64,39,186,7,two_year,dsl,0
160,18,52,223,3,month,fiber,0
161,25,65,260,8,year,none,0
162,32,6,297,4,two_year,dsl,0
163,39,19,334,0,month,fiber,0
164,46,32,371,5,year,none,0
165,53,45,408,1,two_year,dsl,0
166,60,58,445,6,month,fiber,1
167,67,71,482,2,year,none,0
168,21,12,79,7,two_year,dsl,1
169,28,25,116,3,month,fiber,1
170,35,38,153,8,year,none,0
171,42,51,190,4,two_year,dsl,0
172,49,64,227,0,month,fiber,0
173,56,5,264,5,year,none,0
174,63,18,301,1,two_year,dsl,0
175,70,31,338,6,month,fiber,0
176,24,44,375,2,year,none,0
177,31,57,412,7,two_year,dsl,1
178,38,70,449,3,month,fiber,1
179,45,11,486,8,year,none,1
180,52,24,83,4,two_year,dsl,0
181,59,37,120,0,month,fiber,0
182,66,50,157,5,year,none,0
183,20,63,194,1,two_year,dsl,0
184,27,4,231,6,month,fiber,0
185,34,17,268,2,year,none,0
186,41,30,305,7,two_year,dsl,0
187,48,43,342,3,month,fiber,1
188,55,56,379,8,year,none,1
189,62,69,416,4,two_year,dsl,0
190,69,10,453,0,month,fiber,1
191,23,23,490,5,year,none,0
192,30,36,87,1,two_year,dsl,0
193,37,49,124,6,month,fiber,0
194,44,62,161,2,year,none,0
195,51,3,198,7,two_year,dsl,0
196,58,16,235,3,month,fiber,0
197,65,29,272,8,year,none,1
198,19,42,309,4,two_year,dsl,0
199,26,55,346,0,month,fiber,1
200,33,68,383,5,year,none,0
201,40,9,420,1,two_year,dsl,0
202,47,22,457,6,month,fiber,1
203,54,35,494,2,year,none,0
204,61,48,91,7,two_year,dsl,0
205,68,61,128,3,month,fiber,0
206,22,2,165,8,year,none,0
207,29,15,202,4,two_year,dsl,0
208,36,28,239,0,month,fiber,1
209,43,41,276,5,year,none,0
210,50,54,313,1,two_year,dsl,0
211,57,67,350,6,month,fiber,1
212,64,8,387,2,year,none,0
213,18,21,424,7,two_year,dsl,0
214,25,34,461,3,month,fiber,0
215,32,47,498,8,year,none,0
216,39,60,95,4,two_year,dsl,0
217,46,1,132,0,month,fiber,0
218,53,14,169,5,year,none,1
219,60,27,206,1,two_year,dsl,0
220,67,40,243,6,month,fiber,1
221,21,53,280,2,year,none,0
222,28,66,317,7,two_year,dsl,0
223,35,7,354,3,month,fiber,0
224,42,20,391,8,year,none,0
225,49,33,428,4,two_year,dsl,0
226,56,46,465,0,month,fiber,0
227,63,59,62,5,year,none,0
228,70,72,99,1,two_year,dsl,1
229,24,13,136,6,month,fiber,1
230,31,26,173,2,year,none,0
231,38,39,210,7,two_year,dsl,0
232,45,52,247,3,month,fiber,0
233,52,65,284,8,year,none,0
234,59,6,321,4,two_year,dsl,0
235,66,19,358,0,month,fiber,0
236,20,32,395,5,year,none,0
237,27,45,432,1,two_year,dsl,0
238,34,58,469,6,month,fiber,0
239,41,71,66,2,year,none,0
240,48,12,103,7,two_year,dsl,1
241,55,25,140,3,month,fiber,1
242,62,38,177,8,year,none,0
243,69,51,214,4,two_year,dsl,0
244,23,64,251,0,month,fiber,0
245,30,5,288,5,year,none,0
246,37,18,325,1,two_year,dsl,0
247,44,31,362,6,month,fiber,0
248,51,44,399,2,year,none,0
249,58,57,436,7,two_year,dsl,1
250,65,70,473,3,month,fiber,1
251,19,11,70,8,year,none,0
252,26,24,107,4,two_year,dsl,0
253,33,37,144,0,month,fiber,0
254,40,50,181,5,year,none,0
255,47,63,218,1,two_year,dsl,0
256,54,4,255,6,month,fiber,0
257,61,17,292,2,year,none,0
258,68,30,329,7,two_year,dsl,0
259,22,43,366,3,month,fiber,1
260,29,56,403,8,year,none,1
261,36,69,440,4,two_year,dsl,0
262,43,10,477,0,month,fiber,1
263,50,23,74,5,year,none,0
264,57,36,111,1,two_year,dsl,0
265,64,49,148,6,month,fiber,0
266,18,62,185,2,year,none,0
267,25,3,222,7,two_year,dsl,0
268,32,16,259,3,month,fiber,0
269,39,29,296,8,year,none,0
270,46,42,333,4,two_year,dsl,0
271,53,55,370,0,month,fiber,1
272,60,68,407,5,year,none,0
273,67,9,444,1,two_year,dsl,0
274,21,22,481,6,month,fiber,1
275,28,35,78,2,year,none,0
276,35,48,115,7,two_year,dsl,0
277,42,61,152,3,month,fiber,0
278,49,2,189,8,year,none,0
279,56,15,226,4,two_year,dsl,0
280,63,28,263,0,month,fiber,1
281,70,41,300,5,year,none,0
282,24,54,337,1,two_year,dsl,0
283,31,67,374,6,month,fiber,1
284,38,8,411,2,year,none,0
285,45,21,448,7,two_year,dsl,0
286,52,34,485,3,month,fiber,0
287,59,47,82,8,year,none,0
288,66,60,119,4,two_year,dsl,0
289,20,1,156,0,month,fiber,0
290,27,14,193,5,year,none,1
291,34,27,230,1,two_year,dsl,0
292,41,40,267,6,month,fiber,1
293,48,53,304,2,year,none,0
294,55,66,341,7,two_year,dsl,0
295,62,7,378,3,month,fiber,1
296,69,20,415,8,year,none,0
297,23,33,452,4,two_year,dsl,0
298,30,46,489,0,month,fiber,0
299,37,59,86,5,year,none,0
300,44,72,123,1,two_year,dsl,1
301,51,13,160,6,month,fiber,1
302,58,26,197,2,year,none,0
303,65,39,234,7,two_year,dsl,0
304,19,52,271,3,month,fiber,0
305,26,65,308,8,year,none,0
306,33,6,345,4,two_year,dsl,0
307,40,19,382,0,month,fiber,0
308,47,32,419,5,year,none,0
309,54,45,456,1,two_year,dsl,0
310,61,58,493,6,month,fiber,0
311,68,71,90,2,year,none,0
312,22,12,127,7,two_year,dsl,1
313,29,25,164,3,month,fiber,1
314,36,38,201,8,year,none,0
315,43,51,238,4,two_year,dsl,0
316,50,64,275,0,month,fiber,0
317,57,5,312,5,year,none,0
318,64,18,349,1,two_year,dsl,0
319,18,31,386,6,month,fiber,0
320,25,44,423,2,year,none,0
321,32,57,460,7,two_year,dsl,1
322,39,70,497,3,month,fiber,1
323,46,11,94,8,year,none,1
324,53,24,131,4,two_year,dsl,0
325,60,37,168,0,month,fiber,0
326,67,50,205,5,year,none,0
327,21,63,242,1,two_year,dsl,0
328,28,4,279,6,month,fiber,0
329,35,17,316,2,year,none,0
330,42,30,353,7,two_year,dsl,0
331,49,43,390,3,month,fiber,1
332,56,56,427,8,year,none,1
333,63,69,464,4,two_year,dsl,0
334,70,10,61,0,month,fiber,1
335,24,23,98,5,year,none,0
336,31,36,135,1,two_year,dsl,0
337,38,49,172,6,month,fiber,0
338,45,62,209,2,year,none,0
339,52,3,246,7,two_year,dsl,0
340,59,16,283,3,month,fiber,0
341,66,29,320,8,year,none,0
342,20,42,357,4,two_year,dsl,1
343,27,55,394,0,month,fiber,1
344,34,68,431,5,year,none,0
345,41,9,468,1,two_year,dsl,0
346,48,22,65,6,month,fiber,1
347,55,35,102,2,year,none,0
348,62,48,139,7,two_year,dsl,0
349,69,61,176,3,month,fiber,0
350,23,2,213,8,year,none,0
351,30,15,250,4,two_year,dsl,0
352,37,28,287,0,month,fiber,1
353,44,41,324,5,year,none,0
354,51,54,361,1,two_year,dsl,0
355,58,67,398,6,month,fiber,1
356,65,8,435,2,year,none,0
357,19,21,472,7,two_year,dsl,0
358,26,34,69,3,month,fiber,0
359,33,47,106,8,year,none,0
360,40,60,143,4,two_year,dsl,0
361,47,1,180,0,month,fiber,0
362,54,14,217,5,year,none,1
363,61,27,254,1,two_year,dsl,0
364,68,40,291,6,month,fiber,1
365,22,53,328,2,year,none,0
366,29,66,365,7,two_year,dsl,0
367,36,7,402,3,month,fiber,1
368,43,20,439,8,year,none,0
369,50,33,476,4,two_year,dsl,0
370,57,46,73,0,month,fiber,0
371,64,59,110,5,year,none,0
372,18,72,147,1,two_year,dsl,0
373,25,13,184,6,month,fiber,1
374,32,26,221,2,year,none,0
375,39,39,258,7,two_year,dsl,0
376,46,52,295,3,month,fiber,0
377,53,65,332,8,year,none,0
378,60,6,369,4,two_year,dsl,0
379,67,19,406,0,month,fiber,0
380,21,32,443,5,year,none,0
381,28,45,480,1,two_year,dsl,0
382,35,58,77,6,month,fiber,0
383,42,71,114,2,year,none,0
384,49,12,151,7,two_year,dsl,1
385,56,25,188,3,month,fiber,1
386,63,38,225,8,year,none,0
387,70,51,262,4,two_year,dsl,0
388,24,64,299,0,month,fiber,0
389,31,5,336,5,year,none,0
390,38,18,373,1,two_year,dsl,0
391,45,31,410,6,month,fiber,0
392,52,44,447,2,year,none,0
393,59,57,484,7,two_year,dsl,1
394,66,70,81,3,month,fiber,1
395,20,11,118,8,year,none,1
396,27,24,155,4,two_year,dsl,0
397,34,37,192,0,month,fiber,0
398,41,50,229,5,year,none,0
399,48,63,266,1,two_year,dsl,0
400,55,4,303,6,month,fiber,0
401,62,17,340,2,year,none,0
402,69,30,377,7,two_year,dsl,0
403,23,43,414,3,month,fiber,0
404,30,56,451,8,year,none,1
405,37,69,488,4,two_year,dsl,0
406,44,10,85,0,month,fiber,1
407,51,23,122,5,year,none,0
408,58,36,159,1,two_year,dsl,0
409,65,49,196,6,month,fiber,0
410,19,62,233,2,year,none,0
411,26,3,270,7,two_year,dsl,0
412,33,16,307,3,month,fiber,0
413,40,29,344,8,year,none,0
414,47,42,381,4,two_year,dsl,1
415,54,55,418,0,month,fiber,1
416,61,68,455,5,year,none,0
417,68,9,492,1,two_year,dsl,0
418,22,22,89,6,month,fiber,1
419,29,35,126,2,year,none,0
420,36,48,163,7,two_year,dsl,0
