id,text
1,人工智能 模型 算法 数据 训练 推理 旅游 景区 酒店 航班 假期 游客
2,新能源 汽车 电池 充电 续航 市场 新能源 汽车 电池 充电 续航 市场
3,旅游 景区 酒店 航班 假期 游客 旅游 景区 酒店 航班 假期 游客
4,医疗 医院 医生 患者 诊断 治疗 医疗 医院 医生 患者 诊断 治疗
5,教育 学校 教师 学生 课程 技能 教育 学校 教师 学生 课程 技能
6,人工智能 模型 算法 数据 训练 推理 人工智能 模型 算法 数据 训练 推理
7,新能源 汽车 电池 充电 续航 市场 新能源 汽车 电池 充电 续航 市场
8,旅游 景区 酒店 航班 假期 游客 旅游 景区 酒店 航班 假期 游客
9,医疗 医院 医生 患者 诊断 治疗 医疗 医院 医生 患者 诊断 治疗
10,教育 学校 教师 学生 课程 技能 教育 学校 教师 学生 课程 技能
11,人工智能 模型 算法 数据 训练 推理 人工智能 模型 算法 数据 训练 推理
12,新能源 汽车 电池 充电 续航 市场 医疗 医院 医生 患者 诊断 治疗
13,旅游 景区 酒店 航班 假期 游客 旅游 景区 酒店 航班 假期 游客
14,医疗 医院 医生 患者 诊断 治疗 医疗 医院 医生 患者 诊断 治疗
15,教育 学校 教师 学生 课程 技能 教育 学校 教师 学生 课程 技能
16,人工智能 模型 算法 数据 训练 推理 人工智能 模型 算法 数据 训练 推理
17,新能源 汽车 电池 充电 续航 市场 新能源 汽车 电池 充电 续航 市场
18,旅游 景区 酒店 航班 假期 游客 旅游 景区 酒店 航班 假期 游客
19,医疗 医院 医生 患者 诊断 治疗 医疗 医院 医生 患者 诊断 治疗
20,教育 学校 教师 学生 课程 技能 教育 学校 教师 学生 课程 技能
21,人工智能 模型 算法 数据 训练 推理 人工智能 模型 算法 数据 训练 推理
22,新能源 汽车 电池 充电 续航 市场 新能源 汽车 电池 充电 续航 市场
23,旅游 景区 酒店 航班 假期 游客 教育 学校 教师 学生 课程 技能
24,医疗 医院 医生 患者 诊断 治疗 医疗 医院 医生 患者 诊断 治疗
25,教育 学校 教师 学生 课程 技能 教育 学校 教师 学生 课程 技能
26,人工智能 模型 算法 数据 训练 推理 人工智能 模型 算法 数据 训练 推理
27,新能源 汽车 电池 充电 续航 市场 新能源 汽车 电池 充电 续航 市场
28,旅游 景区 酒店 航班 假期 游客 旅游 景区 酒店 航班 假期 游客
29,医疗 医院 医生 患者 诊断 治疗 医疗 医院 医生 患者 诊断 治疗
30,教育 学校 教师 学生 课程 技能 教育 学校 教师 学生 课程 技能
31,人工智能 模型 算法 数据 训练 推理 人工智能 模型 算法 数据 训练 推理
32,新能源 汽车 电池 充电 续航 市场 新能源 汽车 电池 充电 续航 市场
33,旅游 景区 酒店 航班 假期 游客 旅游 景区 酒店 航班 假期 游客
34,医疗 医院 医生 患者 诊断 治疗 人工智能 模型 算法 数据 训练 推理
35,教育 学校 教师 学生 课程 技能 教育 学校 教师 学生 课程 技能
36,人工智能 模型 算法 数据 训练 推理 人工智能 模型 算法 数据 训练 推理
37,新能源 汽车 电池 充电 续航 市场 新能源 汽车 电池 充电 续航 市场
38,旅游 景区 酒店 航班 假期 游客 旅游 景区 酒店 航班 假期 游客
39,医疗 医院 医生 患者 诊断 治疗 医疗 医院 医生 患者 诊断 治疗
40,教育 学校 教师 学生 课程 技能 教育 学校 教师 学生 课程 技能
41,人工智能 模型 算法 数据 训练 推理 人工智能 模型 算法 数据 训练 推理
42,新能源 汽车 电池 充电 续航 市场 新能源 汽车 电池 充电 续航 市场
43,旅游 景区 酒店 航班 假期 游客 旅游 景区 酒店 航班 假期 游客
44,医疗 医院 医生 患者 诊断 治疗 医疗 医院 医生 患者 诊断 治疗
45,教育 学校 教师 学生 课程 技能 新能源 汽车 电池 充电 续航 市场
46,人工智能 模型 算法 数据 训练 推理 人工智能 模型 算法 数据 训练 推理
47,新能源 汽车 电池 充电 续航 市场 新能源 汽车 电池 充电 续航 市场
48,旅游 景区 酒店 航班 假期 游客 旅游 景区 酒店 航班 假期 游客
49,医疗 医院 医生 患者 诊断 治疗 医疗 医院 医生 患者 诊断 治疗
50,教育 学校 教师 学生 课程 技能 教育 学校 教师 学生 课程 技能
51,人工智能 模型 算法 数据 训练 推理 人工智能 模型 算法 数据 训练 推理
52,新能源 汽车 电池 充电 续航 市场 新能源 汽车 电池 充电 续航 市场
53,旅游 景区 酒店 航班 假期 游客 旅游 景区 酒店 航班 假期 游客
54,医疗 医院 医生 患者 诊断 治疗 医疗 医院 医生 患者 诊断 治疗
55,教育 学校 教师 学生 课程 技能 教育 学校 教师 学生 课程 技能
56,人工智能 模型 算法 数据 训练 推理 旅游 景区 酒店 航班 假期 游客
57,新能源 汽车 电池 充电 续航 市场 新能源 汽车 电池 充电 续航 市场
58,旅游 景区 酒店 航班 假期 游客 旅游 景区 酒店 航班 假期 游客
59,医疗 医院 医生 患者 诊断 治疗 医疗 医院 医生 患者 诊断 治疗
60,教育 学校 教师 学生 课程 技能 教育 学校 教师 学生 课程 技能
61,人工智能 模型 算法 数据 训练 推理 人工智能 模型 算法 数据 训练 推理
62,新能源 汽车 电池 充电 续航 市场 新能源 汽车 电池 充电 续航 市场
63,旅游 景区 酒店 航班 假期 游客 旅游 景区 酒店 航班 假期 游客
64,医疗 医院 医生 患者 诊断 治疗 医疗 医院 医生 患者 诊断 治疗
65,教育 学校 教师 学生 课程 技能 教育 学校 教师 学生 课程 技能
66,人工智能 模型 算法 数据 训练 推理 人工智能 模型 算法 数据 训练 推理
67,新能源 汽车 电池 充电 续航 市场 医疗 医院 医生 患者 诊断 治疗
68,旅游 景区 酒店 航班 假期 游客 旅游 景区 酒店 航班 假期 游客
69,医疗 医院 医生 患者 诊断 治疗 医疗 医院 医生 患者 诊断 治疗
70,教育 学校 教师 学生 课程 技能 教育 学校 教师 学生 课程 技能
71,人工智能 模型 算法 数据 训练 推理 人工智能 模型 算法 数据 训练 推理
72,新能源 汽车 电池 充电 续航 市场 新能源 汽车 电池 充电 续航 市场
73,旅游 景区 酒店 航班 假期 游客 旅游 景区 酒店 航班 假期 游客
74,医疗 医院 医生 患者 诊断 治疗 医疗 医院 医生 患者 诊断 治疗
75,教育 学校 教师 学生 课程 技能 教育 学校 教师 学生 课程 技能
76,人工智能 模型 算法 数据 训练 推理 人工智能 模型 算法 数据 训练 推理
77,新能源 汽车 电池 充电 续航 市场 新能源 汽车 电池 充电 续航 市场
78,旅游 景区 酒店 航班 假期 游客 教育 学校 教师 学生 课程 技能
79,医疗 医院 医生 患者 诊断 治疗 医疗 医院 医生 患者 诊断 治疗
80,教育 学校 教师 学生 课程 技能 教育 学校 教师 学生 课程 技能
81,人工智能 模型 算法 数据 训练 推理 人工智能 模型 算法 数据 训练 推理
82,新能源 汽车 电池 充电 续航 市场 新能源 汽车 电池 充电 续航 市场
83,旅游 景区 酒店 航班 假期 游客 旅游 景区 酒店 航班 假期 游客
84,医疗 医院 医生 患者 诊断 治疗 医疗 医院 医生 患者 诊断 治疗
85,教育 学校 教师 学生 课程 技能 教育 学校 教师 学生 课程 技能
86,人工智能 模型 算法 数据 训练 推理 人工智能 模型 算法 数据 训练 推理
87,新能源 汽车 电池 充电 续航 市场 新能源 汽车 电池 充电 续航 市场
88,旅游 景区 酒店 航班 假期 游客 旅游 景区 酒店 航班 假期 游客
89,医疗 医院 医生 患者 诊断 治疗 人工智能 模型 算法 数据 训练 推理
90,教育 学校 教师 学生 课程 技能 教育 学校 教师 学生 课程 技能
91,人工智能 模型 算法 数据 训练 推理 人工智能 模型 算法 数据 训练 推理
92,新能源 汽车 电池 充电 续航 市场 新能源 汽车 电池 充电 续航 市场
93,旅游 景区 酒店 航班 假期 游客 旅游 景区 酒店 航班 假期 游客
94,医疗 医院 医生 患者 诊断 治疗 医疗 医院 医生 患者 诊断 治疗
95,教育 学校 教师 学生 课程 技能 教育 学校 教师 学生 课程 技能
96,人工智能 模型 算法 数据 训练 推理 人工智能 模型 算法 数据 训练 推理
97,新能源 汽车 电池 充电 续航 市场 新能源 汽车 电池 充电 续航 市场
98,旅游 景区 酒店 航班 假期 游客 旅游 景区 酒店 航班 假期 游客
99,医疗 医院 医生 患者 诊断 治疗 医疗 医院 医生 患者 诊断 治疗
100,教育 学校 教师 学生 课程 技能 新能源 汽车 电池 充电 续航 市场
101,人工智能 模型 算法 数据 训练 推理 人工智能 模型 算法 数据 训练 推理
102,新能源 汽车 电池 充电 续航 市场 新能源 汽车 电池 充电 续航 市场
103,旅游 景区 酒店 航班 假期 游客 旅游 景区 酒店 航班 假期 游客
104,医疗 医院 医生 患者 诊断 治疗 医疗 医院 医生 患者 诊断 治疗
105,教育 学校 教师 学生 课程 技能 教育 学校 教师 学生 课程 技能
106,人工智能 模型 算法 数据 训练 推理 人工智能 模型 算法 数据 训练 推理
107,新能源 汽车 电池 充电 续航 市场 新能源 汽车 电池 充电 续航 市场
108,旅游 景区 酒店 航班 假期 游客 旅游 景区 酒店 航班 假期 游客
109,医疗 医院 医生 患者 诊断 治疗 医疗 医院 医生 患者 诊断 治疗
110,教育 学校 教师 学生 课程 技能 教育 学校 教师 学生 课程 技能
111,人工智能 模型 算法 数据 训练 推理 旅游 景区 酒店 航班 假期 游客
112,新能源 汽车 电池 充电 续航 市场 新能源 汽车 电池 充电 续航 市场
113,旅游 景区 酒店 航班 假期 游客 旅游 景区 酒店 航班 假期 游客
114,医疗 医院 医生 患者 诊断 治疗 医疗 医院 医生 患者 诊断 治疗
115,教育 学校 教师 学生 课程 技能 教育 学校 教师 学生 课程 技能
116,人工智能 模型 算法 数据 训练 推理 人工智能 模型 算法 数据 训练 推理
117,新能源 汽车 电池 充电 续航 市场 新能源 汽车 电池 充电 续航 市场
118,旅游 景区 酒店 航班 假期 游客 旅游 景区 酒店 航班 假期 游客
119,医疗 医院 医生 患者 诊断 治疗 医疗 医院 医生 患者 诊断 治疗
120,教育 学校 教师 学生 课程 技能 教育 学校 教师 学生 课程 技能
