day,category,revenue,cost,orders,returns,rating
1,数码,200,90.00,1,0,3.2
2,家居,337,208.94,12,0,3.9
3,食品,474,374.46,23,1,4.6
4,服装,611,360.49,34,2,3.4
5,数码,748,568.48,10,0,4.1
6,家居,885,495.60,21,0,4.8
7,食品,1022,746.06,32,4,3.6
8,服装,1159,614.27,8,1,4.3
9,数码,1296,907.20,19,0,5.0
10,家居,1433,716.50,30,6,3.8
11,食品,1570,1051.90,6,0,4.5
12,服装,1707,802.29,17,1,3.3
13,数码,1844,1180.16,28,0,4.0
14,家居,1981,1604.61,4,0,4.7
15,食品,2118,1291.98,15,2,3.5
16,服装,2255,1758.90,26,3,4.2
17,数码,2392,1387.36,2,0,4.9
18,家居,2529,1896.75,13,0,3.7
19,食品,2666,1466.30,24,4,4.4
20,服装,2803,2018.16,35,1,3.2
21,数码,2940,1528.80,11,0,3.9
22,家居,3077,2123.13,22,3,4.6
23,食品,3214,1574.86,33,3,3.4
24,服装,3351,2211.66,9,1,4.1
25,数码,3488,1604.48,20,2,4.8
26,家居,3625,2283.75,31,5,3.6
27,食品,3762,3009.60,7,0,4.3
28,服装,3899,2339.40,18,1,5.0
29,数码,4036,3107.72,29,0,3.8
30,家居,4173,2378.61,5,1,4.5
31,食品,4310,3189.40,16,2,3.3
32,服装,4447,2401.38,27,3,4.0
33,数码,4584,3254.64,3,0,4.7
34,家居,4721,2407.71,14,0,3.5
35,食品,4858,3303.44,25,0,4.2
36,服装,4995,2397.60,1,0,4.9
37,数码,332,215.80,12,0,3.7
38,家居,469,211.05,23,1,4.4
39,食品,606,375.72,34,2,3.2
40,服装,743,586.97,10,0,3.9
41,数码,880,519.20,21,0,4.6
42,家居,1017,772.92,32,4,3.4
43,食品,1154,646.24,8,0,4.1
44,服装,1291,942.43,19,1,4.8
45,数码,1428,756.84,30,6,3.6
46,家居,1565,1095.50,6,1,4.3
47,食品,1702,851.00,17,2,5.0
48,服装,1839,1232.13,28,3,3.8
49,数码,1976,928.72,4,0,4.5
50,家居,2113,1352.32,15,3,3.3
51,食品,2250,1822.50,26,0,4.0
52,服装,2387,1456.07,2,0,4.7
53,数码,2524,1968.72,13,0,3.5
54,家居,2661,1543.38,24,4,4.2
55,食品,2798,2098.50,35,2,4.9
56,服装,2935,1614.25,11,0,3.7
57,数码,3072,2211.84,22,3,4.4
58,家居,3209,1668.68,33,3,3.2
59,食品,3346,2308.74,9,0,3.9
60,服装,3483,1706.67,20,2,4.6
61,数码,3620,2389.20,31,5,3.4
62,家居,3757,1728.22,7,1,4.1
63,食品,3894,2453.22,18,2,4.8
64,服装,4031,3224.80,29,3,3.6
65,数码,4168,2500.80,5,0,4.3
66,家居,4305,3314.85,16,3,5.0
67,食品,4442,2531.94,27,0,3.8
68,服装,4579,3388.46,3,0,4.5
69,数码,4716,2546.64,14,0,3.3
70,家居,4853,3445.63,25,3,4.0
71,食品,4990,2544.90,1,0,4.7
72,服装,327,222.36,12,0,3.5
73,数码,464,222.72,23,1,4.2
74,家居,601,390.65,34,2,4.9
75,食品,738,332.10,10,0,3.7
76,服装,875,542.50,21,0,4.4
77,数码,1012,799.48,32,4,3.2
78,家居,1149,677.91,8,1,3.9
79,食品,1286,977.36,19,2,4.6
80,服装,1423,796.88,30,6,3.4
81,数码,1560,1138.80,6,0,4.1
82,家居,1697,899.41,17,3,4.8
83,食品,1834,1283.80,28,0,3.6
84,服装,1971,985.50,4,0,4.3
85,数码,2108,1412.36,15,0,5.0
86,家居,2245,1055.15,26,3,3.8
87,食品,2382,1524.48,2,0,4.5
88,服装,2519,2040.39,13,0,3.3
89,数码,2656,1620.16,24,4,4.0
90,家居,2793,2178.54,35,3,4.7
91,食品,2930,1699.40,11,0,3.5
92,服装,3067,2300.25,22,3,4.2
93,数码,3204,1762.20,33,3,4.9
94,家居,3341,2405.52,9,1,3.7
95,食品,3478,1808.56,20,2,4.4
96,服装,3615,2494.35,31,5,3.2
97,数码,3752,1838.48,7,0,3.9
98,家居,3889,2566.74,18,3,4.6
99,食品,4026,1851.96,29,0,3.4
100,服装,4163,2622.69,5,1,4.1
101,数码,4300,3440.00,16,0,4.8
102,家居,4437,2662.20,27,3,3.6
103,食品,4574,3521.98,3,0,4.3
104,服装,4711,2685.27,14,0,5.0
105,数码,4848,3587.52,25,0,3.8
106,家居,4985,2691.90,1,0,4.5
107,食品,322,228.62,12,0,3.3
108,服装,459,234.09,23,1,4.0
109,数码,596,405.28,34,2,4.7
110,家居,733,351.84,10,0,3.5
111,食品,870,565.50,21,0,4.2
112,服装,1007,453.15,32,4,4.9
113,数码,1144,709.28,8,0,3.7
114,家居,1281,1011.99,19,3,4.4
115,食品,1418,836.62,30,6,3.2
116,服装,1555,1181.80,6,1,3.9
117,数码,1692,947.52,17,0,4.6
118,家居,1829,1335.17,28,3,3.4
119,食品,1966,1041.98,4,0,4.1
120,服装,2103,1472.10,15,1,4.8
121,数码,2240,1120.00,26,0,3.6
122,家居,2377,1592.59,2,0,4.3
123,食品,2514,1181.58,13,0,5.0
124,服装,2651,1696.64,24,4,3.8
125,数码,2788,2258.28,35,4,4.5
126,家居,2925,1784.25,11,0,3.3
127,食品,3062,2388.36,22,3,4.0
128,服装,3199,1855.42,33,3,4.7
129,数码,3336,2502.00,9,0,3.5
130,家居,3473,1910.15,20,2,4.2
131,食品,3610,2599.20,31,5,4.9
132,服装,3747,1948.44,7,1,3.7
133,数码,3884,2679.96,18,0,4.4
134,家居,4021,1970.29,29,3,3.2
135,食品,4158,2744.28,5,0,3.9
136,服装,4295,1975.70,16,1,4.6
137,数码,4432,2792.16,27,0,3.4
138,家居,4569,3655.20,3,0,4.1
139,食品,4706,2823.60,14,0,4.8
140,服装,4843,3729.11,25,3,3.6
141,数码,4980,2838.60,1,0,4.3
142,家居,317,234.58,12,0,5.0
143,食品,454,245.16,23,1,3.8
144,服装,591,419.61,34,2,4.5
145,数码,728,371.28,10,0,3.3
146,家居,865,588.20,21,0,4.0
147,食品,1002,480.96,32,4,4.7
148,服装,1139,740.35,8,1,3.5
149,数码,1276,574.20,19,0,4.2
150,家居,1413,876.06,30,6,4.9
151,食品,1550,1224.50,6,0,3.7
152,服装,1687,995.33,17,1,4.4
153,数码,1824,1386.24,28,0,3.2
154,家居,1961,1098.16,4,0,3.9
155,食品,2098,1531.54,15,2,4.6
156,服装,2235,1184.55,26,3,3.4
157,数码,2372,1660.40,2,0,4.1
158,家居,2509,1254.50,13,0,4.8
159,食品,2646,1772.82,24,4,3.6
160,服装,2783,1308.01,35,5,4.3
161,数码,2920,1868.80,11,0,5.0
162,家居,3057,2476.17,22,3,3.8
163,食品,3194,1948.34,33,3,4.5
164,服装,3331,2598.18,9,1,3.3
165,数码,3468,2011.44,20,2,4.0
166,家居,3605,2703.75,31,5,4.7
167,食品,3742,2058.10,7,0,3.5
168,服装,3879,2792.88,18,1,4.2
169,数码,4016,2088.32,29,0,4.9
170,家居,4153,2865.57,5,1,3.7
171,食品,4290,2102.10,16,2,4.4
172,服装,4427,2921.82,27,3,3.2
173,数码,4564,2099.44,3,0,3.9
174,家居,4701,2961.63,14,0,4.6
175,食品,4838,3870.40,25,0,3.4
176,服装,4975,2985.00,1,0,4.1
177,数码,312,240.24,12,0,4.8
178,家居,449,255.93,23,1,3.6
179,食品,586,433.64,34,2,4.3
180,服装,723,390.42,10,0,5.0
181,数码,860,610.60,21,0,3.8
182,家居,997,508.47,32,4,4.5
183,食品,1134,771.12,8,0,3.3
184,服装,1271,610.08,19,1,4.0
185,数码,1408,915.20,30,6,4.7
186,家居,1545,695.25,6,1,3.5
187,食品,1682,1042.84,17,2,4.2
188,服装,1819,1437.01,28,3,4.9
189,数码,1956,1154.04,4,0,3.7
190,家居,2093,1590.68,15,3,4.4
191,食品,2230,1248.80,26,0,3.2
192,服装,2367,1727.91,2,0,3.9
193,数码,2504,1327.12,13,0,4.6
194,家居,2641,1848.70,24,4,3.4
195,食品,2778,1389.00,35,6,4.1
196,服装,2915,1953.05,11,0,4.8
197,数码,3052,1434.44,22,3,3.6
198,家居,3189,2040.96,33,3,4.3
199,食品,3326,2694.06,9,0,5.0
200,服装,3463,2112.43,20,2,3.8
201,数码,3600,2808.00,31,5,4.5
202,家居,3737,2167.46,7,1,3.3
203,食品,3874,2905.50,18,2,4.0
204,服装,4011,2206.05,29,3,4.7
205,数码,4148,2986.56,5,0,3.5
206,家居,4285,2228.20,16,3,4.2
207,食品,4422,3051.18,27,0,4.9
208,服装,4559,2233.91,3,0,3.7
209,数码,4696,3099.36,14,0,4.4
210,家居,4833,2223.18,25,3,3.2
211,食品,4970,3131.10,1,0,3.9
212,服装,307,245.60,12,0,4.6
213,数码,444,266.40,23,1,3.4
214,家居,581,447.37,34,2,4.1
215,食品,718,409.26,10,0,4.8
216,服装,855,632.70,21,0,3.6
217,数码,992,535.68,32,4,4.3
218,家居,1129,801.59,8,1,5.0
219,食品,1266,645.66,19,2,3.8
220,服装,1403,954.04,30,6,4.5
221,数码,1540,739.20,6,0,3.3
222,家居,1677,1090.05,17,3,4.0
223,食品,1814,816.30,28,0,4.7
224,服装,1951,1209.62,4,0,3.5
225,数码,2088,1649.52,15,0,4.2
226,家居,2225,1312.75,26,3,4.9
227,食品,2362,1795.12,2,0,3.7
228,服装,2499,1399.44,13,0,4.4
229,数码,2636,1924.28,24,4,3.2
230,家居,2773,1469.69,35,7,3.9
231,食品,2910,2037.00,11,0,4.6
232,服装,3047,1523.50,22,3,3.4
233,数码,3184,2133.28,33,3,4.1
234,家居,3321,1560.87,9,1,4.8
235,食品,3458,2213.12,20,2,3.6
236,服装,3595,2911.95,31,5,4.3
237,数码,3732,2276.52,7,0,5.0
238,家居,3869,3017.82,18,3,3.8
239,食品,4006,2323.48,29,0,4.5
240,服装,4143,3107.25,5,1,3.3
241,数码,4280,2354.00,16,0,4.0
242,家居,4417,3180.24,27,3,4.7
243,食品,4554,2368.08,3,0,3.5
244,服装,4691,3236.79,14,0,4.2
245,数码,4828,2365.72,25,0,4.9
246,家居,4965,3276.90,1,0,3.7
247,食品,302,138.92,12,0,4.4
248,服装,439,276.57,23,1,3.2
249,数码,576,460.80,34,2,3.9
250,家居,713,427.80,10,0,4.6
251,食品,850,654.50,21,0,3.4
252,服装,987,562.59,32,4,4.1
253,数码,1124,831.76,8,0,4.8
254,家居,1261,680.94,19,3,3.6
255,食品,1398,992.58,30,6,4.3
256,服装,1535,782.85,6,1,5.0
257,数码,1672,1136.96,17,0,3.8
258,家居,1809,868.32,28,3,4.5
259,食品,1946,1264.90,4,0,3.3
260,服装,2083,937.35,15,1,4.0
