customer_id,age,monthly_income,visit_frequency,monthly_spend,discount_sensitivity
C1,20,2100,1,30,0.700
C2,23,3290,2,183,0.870
C3,26,3010,3,147,0.830
C4,22,2730,1,111,0.790
C5,18,2450,2,75,0.750
C6,21,2170,3,39,0.710
C7,24,3360,1,192,0.880
C8,27,3080,2,156,0.840
C9,23,2800,3,120,0.800
C10,19,2520,1,84,0.760
C11,22,2240,2,48,0.720
C12,25,3430,3,201,0.890
C13,28,3150,1,165,0.850
C14,24,2870,2,129,0.810
C15,20,2590,3,93,0.770
C16,23,2310,1,57,0.730
C17,26,3500,2,210,0.900
C18,29,3220,3,174,0.860
C19,25,2940,1,138,0.820
C20,21,2660,2,102,0.780
C21,17,2380,3,66,0.740
C22,20,2100,1,30,0.700
C23,23,3290,2,183,0.870
C24,26,3010,3,147,0.830
C25,22,2730,1,111,0.790
C26,18,2450,2,75,0.750
C27,21,2170,3,39,0.710
C28,24,3360,1,192,0.880
C29,27,3080,2,156,0.840
C30,23,2800,3,120,0.800
C31,19,2520,1,84,0.760
C32,22,2240,2,48,0.720
C33,25,3430,3,201,0.890
C34,28,3150,1,165,0.850
C35,24,2870,2,129,0.810
C36,20,2590,3,93,0.770
C37,23,2310,1,57,0.730
C38,26,3500,2,210,0.900
C39,29,3220,3,174,0.860
C40,25,2940,1,138,0.820
C41,21,2660,2,102,0.780
C42,17,2380,3,66,0.740
C43,20,2100,1,30,0.700
C44,23,3290,2,183,0.870
C45,26,3010,3,147,0.830
C46,33,6570,4,429,0.560
C47,29,6290,5,393,0.520
C48,32,6010,6,357,0.480
C49,35,7200,4,510,0.650
C50,38,6920,5,474,0.610
C51,34,6640,6,438,0.570
C52,30,6360,4,402,0.530
C53,26,6080,5,366,0.490
C54,29,5800,6,330,0.450
C55,32,6990,4,483,0.620
C56,35,6710,5,447,0.580
C57,31,6430,6,411,0.540
C58,27,6150,4,375,0.500
C59,30,5870,5,339,0.460
C60,33,7060,6,492,0.630
C61,36,6780,4,456,0.590
C62,32,6500,5,420,0.550
C63,28,6220,6,384,0.510
C64,31,5940,4,348,0.470
C65,34,7130,5,501,0.640
C66,37,6850,6,465,0.600
C67,33,6570,4,429,0.560
C68,29,6290,5,393,0.520
C69,32,6010,6,357,0.480
C70,35,7200,4,510,0.650
C71,38,6920,5,474,0.610
C72,34,6640,6,438,0.570
C73,30,6360,4,402,0.530
C74,26,6080,5,366,0.490
C75,29,5800,6,330,0.450
C76,32,6990,4,483,0.620
C77,35,6710,5,447,0.580
C78,31,6430,6,411,0.540
C79,27,6150,4,375,0.500
C80,30,5870,5,339,0.460
C81,33,7060,6,492,0.630
C82,36,6780,4,456,0.590
C83,32,6500,5,420,0.550
C84,28,6220,6,384,0.510
C85,31,5940,4,348,0.470
C86,34,7130,5,501,0.640
C87,37,6850,6,465,0.600
C88,33,6570,4,429,0.560
C89,29,6290,5,393,0.520
C90,32,6010,6,357,0.480
C91,43,8870,7,679,0.210
C92,46,10060,8,832,0.380
C93,49,9780,9,796,0.340
C94,45,9500,7,760,0.300
C95,41,9220,8,724,0.260
C96,44,8940,9,688,0.220
C97,47,10130,7,841,0.390
C98,50,9850,8,805,0.350
C99,46,9570,9,769,0.310
C100,42,9290,7,733,0.270
C101,45,9010,8,697,0.230
C102,48,10200,9,850,0.400
C103,51,9920,7,814,0.360
C104,47,9640,8,778,0.320
C105,43,9360,9,742,0.280
C106,39,9080,7,706,0.240
C107,42,8800,8,670,0.200
C108,45,9990,9,823,0.370
C109,48,9710,7,787,0.330
C110,44,9430,8,751,0.290
C111,40,9150,9,715,0.250
C112,43,8870,7,679,0.210
C113,46,10060,8,832,0.380
C114,49,9780,9,796,0.340
C115,45,9500,7,760,0.300
C116,41,9220,8,724,0.260
C117,44,8940,9,688,0.220
C118,47,10130,7,841,0.390
C119,50,9850,8,805,0.350
C120,46,9570,9,769,0.310
C121,42,9290,7,733,0.270
C122,45,9010,8,697,0.230
C123,48,10200,9,850,0.400
C124,51,9920,7,814,0.360
C125,47,9640,8,778,0.320
C126,43,9360,9,742,0.280
C127,39,9080,7,706,0.240
C128,42,8800,8,670,0.200
C129,45,9990,9,823,0.370
C130,48,9710,7,787,0.330
C131,44,9430,8,751,0.290
C132,40,9150,9,715,0.250
C133,43,8870,7,679,0.210
C134,46,10060,8,832,0.380
C135,49,9780,9,796,0.340
C136,57,15140,11,1218,0.170
C137,53,14860,12,1182,0.130
C138,49,14580,13,1146,0.090
C139,52,14300,11,1110,0.050
C140,55,15490,12,1263,0.220
C141,58,15210,13,1227,0.180
C142,54,14930,11,1191,0.140
C143,50,14650,12,1155,0.100
C144,53,14370,13,1119,0.060
C145,56,15560,11,1272,0.230
C146,59,15280,12,1236,0.190
C147,55,15000,13,1200,0.150
C148,51,14720,11,1164,0.110
C149,54,14440,12,1128,0.070
C150,57,15630,13,1281,0.240
C151,60,15350,11,1245,0.200
C152,56,15070,12,1209,0.160
C153,52,14790,13,1173,0.120
C154,55,14510,11,1137,0.080
C155,58,15700,12,1290,0.250
C156,61,15420,13,1254,0.210
C157,57,15140,11,1218,0.170
C158,53,14860,12,1182,0.130
C159,49,14580,13,1146,0.090
C160,52,14300,11,1110,0.050
C161,55,15490,12,1263,0.220
C162,58,15210,13,1227,0.180
C163,54,14930,11,1191,0.140
C164,50,14650,12,1155,0.100
C165,53,14370,13,1119,0.060
C166,56,15560,11,1272,0.230
C167,59,15280,12,1236,0.190
C168,55,15000,13,1200,0.150
C169,51,14720,11,1164,0.110
C170,54,14440,12,1128,0.070
C171,57,15630,13,1281,0.240
C172,60,15350,11,1245,0.200
C173,56,15070,12,1209,0.160
C174,52,14790,13,1173,0.120
C175,55,14510,11,1137,0.080
C176,58,15700,12,1290,0.250
C177,61,15420,13,1254,0.210
C178,57,15140,11,1218,0.170
C179,53,14860,12,1182,0.130
C180,49,14580,13,1146,0.090
